фанера ламинированная,23600
опалубка,108662
фанера влагостойкая,16028
несъемная опалубка,18062
фанера цена,57402
купить фанеру,51643
аренда опалубки,6940
опалубка для монолитного строительства,2930
влагостойкая фанера размеры и цена,1281
несъемная опалубка из пенополистирола цена,1172
фанера цена за лист,10987
опалубка для фундамента,7208
опалубка перекрытий,5628
фанера для опалубки,2736
водостойкая фанера,2776
несъемная опалубка из пенополистирола,2539
несъемная опалубка цена,2860
фанера влагостойкая цена,6532
скользящая опалубка,1656
ламинированная фанера купить,3995
фанера березовая,3856
фанера ламинированная цена,5848
аренда опалубки перекрытий,791
фанера оптом,1838
купить опалубку,6543
опалубка колонн,1893
стеновая опалубка,1146
фанера для опалубки ламинированная,859
опалубка стен,3387
купить влагостойкую фанеру,2426
продажа фанеры,2171
фанера для опалубки цена за лист,226
несъемная опалубка для фундамента купить,331
щитовая опалубка,1165
съемная опалубка,1646
балка для опалубки,878
аренда опалубки стеновой цена,111
аренда опалубки для фундамента,486
опалубка для фундамента из пенополистирола цена,255
металлическая опалубка,1150
стойка телескопическая для опалубки,527
фанера 18 мм 1220х2440 цена,1735
опалубка бу,904
продажа опалубки,723
фанера размеры и цены,8163
листы фанеры размеры цена,6098
опалубка для фундамента купить,656
опалубка цена,8584
фанера 12 мм цена,2680
опалубка из пенополистирола,3151
аренда опалубки стеновой,266
строительная опалубка,978
универсальная опалубка,438
комплектующие для опалубки,276
несъемная опалубка для фундамента цена,327
стальная опалубка,505
фанера 10 мм купить,1359
опалубка для фундамента цена,718
стойки для опалубки,1189
купить опалубку бу,315
фанера влагостойкая 12 мм цена,1477
фанера для опалубки цена,591
стоимость опалубки,1038
рамная опалубка,199
фанера дешево купить,1310
деревянная опалубка,1194
куплю опалубку б у,502
аренда опалубки для монолитного строительства,247
ламинированная фанера для опалубки цена,216
купить несъемную опалубку из пенополистирола,200
опалубка б у цена,210
стеновая опалубка купить,73
комплектующие для опалубки цена,34
опалубка для бетона,1132
пенополистирольная опалубка,306
купить фанеру для опалубки,438
опалубка для монолитного перекрытия,289
опалубка из пенополистирола купить,232
монолитная опалубка цена,647
опалубка перекрытий цена,408
комплектующие для опалубки купить,24
стоимость несъемной опалубки,230
крепление опалубки,465
винт для опалубки,335
купить монолитную опалубку,364
каталог щитов стеновой опалубки,5
опалубка стеновая б у купить,22
,423423
